钻孔编号,检测日期,方位,倾角,孔深,负压,瓦斯浓度,混合流量
A-1,2025/06/20,53,24,35,5.25,83.36,0.2
A-1,2025/06/21,53,24,35,5.52,76.31,0.242
A-1,2025/06/22,53,24,35,5.73,72.62,0.515
A-1,2025/06/23,53,24,35,5.72,74.55,0.878
A-1,2025/06/24,53,24,35,7.32,77.28,0.25
A-1,2025/06/25,53,24,35,5.21,74.12,0.199
A-1,2025/06/26,53,24,35,5.15,85.82,0.158
A-1,2025/06/27,53,24,35,5.57,64.96,0.526
A-1,2025/06/28,53,24,35,5.57,68.49,0.481
A-2,2025/06/20,68,24,40,5.23,90.5,0.103
A-2,2025/06/21,68,24,40,5.43,75.74,0.26
A-2,2025/06/22,68,24,40,5.4,86.4,0.472
A-2,2025/06/23,68,24,40,5.46,61.76,0.898
A-2,2025/06/24,68,24,40,7.22,94.04,0.269
A-2,2025/06/25,68,24,40,5.35,89.26,0.154
A-2,2025/06/26,68,24,40,5.23,90.07,0.153
A-2,2025/06/27,68,24,40,5.59,89.17,0.43
A-2,2025/06/28,68,24,40,5.59,90.79,0.295
A-3,2025/06/20,81,24,42,5.24,90.06,0.146
A-3,2025/06/21,81,24,42,5.5,6.6,0.219
A-3,2025/06/22,81,24,42,5.68,1.03,0.492
A-3,2025/06/23,81,24,42,5.6,0.75,0.897
A-3,2025/06/24,81,24,42,7.38,62.88,0.612
A-3,2025/06/25,81,24,42,5.2,66.04,0.101
A-3,2025/06/26,81,24,42,5.21,6.16,0.095
A-3,2025/06/27,81,24,42,5.6,71.63,0.498
A-3,2025/06/28,81,24,42,5.6,3.61,0.432
A-4,2025/06/20,91,24,48,5.21,1.99,0.114
A-4,2025/06/21,91,24,48,5.57,0.43,0.249
A-4,2025/06/22,91,24,48,5.54,0.68,0.492
A-4,2025/06/23,91,24,48,5.54,0.44,0.879
A-4,2025/06/24,91,24,48,7.35,17.21,0.385
A-4,2025/06/25,91,24,48,5.3,14.26,0.174
A-4,2025/06/26,91,24,48,5.18,1.98,0.089
A-4,2025/06/27,91,24,48,5.92,0.59,0.358
A-4,2025/06/28,91,24,48,5.92,2.55,0.357
A-5,2025/06/20,99,24,58,5.23,1.35,0.123
A-5,2025/06/21,99,24,58,5.52,0.54,0.208
A-5,2025/06/22,99,24,58,5.52,0.58,0.499
A-5,2025/06/23,99,24,58,5.57,0.42,0.892
A-5,2025/06/24,99,24,58,7.37,91.75,0.099
A-5,2025/06/25,99,24,58,5.28,91.22,0.153
A-5,2025/06/26,99,24,58,5.21,1.04,0.222
A-5,2025/06/27,99,24,58,5.9,0.37,0.404
A-5,2025/06/28,99,24,58,5.9,0.52,0.367
A-6,2025/06/20,105,24,64,5.19,1.33,0.212
A-6,2025/06/21,105,24,64,5.41,0.4,0.244
A-6,2025/06/22,105,24,64,5.4,0.32,0.456
A-6,2025/06/23,105,24,64,5.26,0.42,0.917
A-6,2025/06/24,105,24,64,7.31,10.67,0.152
A-6,2025/06/25,105,24,64,5.28,10.66,0.125
A-6,2025/06/26,105,24,64,5.17,1.03,0.216
A-6,2025/06/27,105,24,64,5.88,0.36,0.442
A-6,2025/06/28,105,24,64,5.88,0.46,0.339
A-7,2025/06/20,110,24,71,5.19,1.0,0.178
A-7,2025/06/21,110,24,71,5.61,0.25,0.253
A-7,2025/06/22,110,24,71,5.62,0.28,0.504
A-7,2025/06/23,110,24,71,5.64,0.34,0.885
A-7,2025/06/24,110,24,71,7.19,3.98,0.207
A-7,2025/06/25,110,24,71,5.33,3.25,0.145
A-7,2025/06/26,110,24,71,5.15,0.94,0.16
A-7,2025/06/27,110,24,71,5.81,0.29,0.371
A-7,2025/06/28,110,24,71,5.81,0.42,0.19
A-8,2025/06/20,114,24,40,5.24,0.55,0.236
A-8,2025/06/21,114,24,40,5.57,0.16,0.265
A-8,2025/06/22,114,24,40,5.44,0.14,0.509
A-8,2025/06/23,114,24,40,5.41,0.21,0.883
A-8,2025/06/24,114,24,40,7.18,1.52,0.154
A-8,2025/06/25,114,24,40,5.29,1.07,0.171
A-8,2025/06/26,114,24,40,5.16,0.75,0.122
A-8,2025/06/27,114,24,40,5.93,1.91,0.451
A-8,2025/06/28,114,24,40,5.93,0.4,0.259
B-1,2025/06/25,53,24,35,5.24,2.36,0.843
B-1,2025/06/26,53,24,35,5.52,1.05,1.076
B-1,2025/06/27,53,24,35,5.86,0.52,0.539
B-1,2025/06/28,53,24,35,5.34,0.74,0.087
B-1,2025/06/29,53,24,35,5.49,0.73,0.35
B-1,2025/06/30,53,24,35,5.71,0.38,0.482
B-1,2025/07/01,53,24,35,5.57,0.24,0.693
B-1,2025/07/02,53,24,35,5.25,0.07,0.23
B-1,2025/07/03,53,24,35,5.19,6.44,0.154
B-1,2025/07/03,53,24,35,13.49,1.73,0.209
B-1,2025/07/03,53,24,35,13.49,1.73,0.209
B-1,2025/07/04,53,24,35,5.61,1.07,0.132
B-1,2025/07/05,53,24,35,13.12,0.69,0.361
B-1,2025/07/06,53,24,35,13.36,1.64,0.309
B-1,2025/07/07,53,24,35,13.49,1.73,0.209
B-1,2025/07/08,53,24,35,13.49,1.73,0.209
B-2,2025/06/25,68,24,40,5.28,59.0,1.617
B-2,2025/06/26,68,24,40,5.41,81.44,0.768
B-2,2025/06/27,68,24,40,5.92,41.31,0.464
B-2,2025/06/28,68,24,40,5.33,88.02,0.236
B-2,2025/06/29,68,24,40,5.77,79.51,0.485
B-2,2025/06/30,68,24,40,5.65,17.2,0.416
B-2,2025/07/01,68,24,40,5.64,15.23,0.68
B-2,2025/07/02,68,24,40,5.06,19.37,0.124
B-2,2025/07/03,68,24,40,5.16,84.85,0.106
B-2,2025/07/03,68,24,40,13.46,1.52,0.141
B-2,2025/07/03,68,24,40,13.46,1.52,0.141
B-2,2025/07/04,68,24,40,5.56,84.35,0.213
B-2,2025/07/05,68,24,40,13.25,89.69,0.452
B-2,2025/07/06,68,24,40,13.53,1.69,0.167
B-2,2025/07/07,68,24,40,13.46,1.52,0.141
B-2,2025/07/08,68,24,40,13.46,1.52,0.141
B-3,2025/06/25,81,24,42,5.42,90.07,1.208
B-3,2025/06/26,81,24,42,5.6,23.46,1.888
B-3,2025/06/27,81,24,42,5.79,85.66,0.513
B-3,2025/06/28,81,24,42,5.29,7.92,0.083
B-3,2025/06/29,81,24,42,5.51,92.31,0.331
B-3,2025/06/30,81,24,42,5.59,7.16,0.492
B-3,2025/07/01,81,24,42,5.61,83.05,0.645
B-3,2025/07/02,81,24,42,5.13,89.37,0.105
B-3,2025/07/03,81,24,42,5.15,83.47,0.146
B-3,2025/07/03,81,24,42,13.71,60.76,0.129
B-3,2025/07/03,81,24,42,13.71,60.76,0.129
B-3,2025/07/04,81,24,42,5.62,81.82,0.176
B-3,2025/07/05,81,24,42,13.15,2.56,0.402
B-3,2025/07/06,81,24,42,13.25,57.94,0.089
B-3,2025/07/07,81,24,42,13.71,60.76,0.129
B-3,2025/07/08,81,24,42,13.71,60.76,0.129
B-4,2025/06/25,91,24,48,5.35,5.43,1.889
B-4,2025/06/26,91,24,48,5.42,19.18,0.605
B-4,2025/06/27,91,24,48,5.84,87.65,0.476
B-4,2025/06/28,91,24,48,5.31,6.88,0.067
B-4,2025/06/29,91,24,48,5.47,92.65,0.412
B-4,2025/06/30,91,24,48,5.6,7.63,0.433
B-4,2025/07/01,91,24,48,5.69,85.23,0.495
B-4,2025/07/02,91,24,48,5.24,89.28,0.204
B-4,2025/07/03,91,24,48,5.13,75.33,0.177
B-4,2025/07/03,91,24,48,13.62,2.03,0.189
B-4,2025/07/03,91,24,48,13.62,2.03,0.189
B-4,2025/07/04,91,24,48,5.64,32.55,0.093
B-4,2025/07/05,91,24,48,13.24,2.37,0.365
B-4,2025/07/06,91,24,48,13.4,1.69,0.346
B-4,2025/07/07,91,24,48,13.62,2.03,0.189
B-4,2025/07/08,91,24,48,13.62,2.03,0.189
B-5,2025/06/25,99,24,58,5.46,32.86,0.829
B-5,2025/06/26,99,24,58,5.57,29.13,0.574
B-5,2025/06/27,99,24,58,5.82,54.09,0.43
B-5,2025/06/28,99,24,58,5.33,6.05,0.074
B-5,2025/06/29,99,24,58,5.57,47.66,0.331
B-5,2025/06/30,99,24,58,5.75,25.77,0.48
B-5,2025/07/01,99,24,58,5.61,39.69,0.634
B-5,2025/07/02,99,24,58,5.17,45.76,0.464
B-5,2025/07/03,99,24,58,5.1,30.34,0.152
B-5,2025/07/03,99,24,58,13.64,2.11,0.164
B-5,2025/07/03,99,24,58,13.64,2.11,0.164
B-5,2025/07/04,99,24,58,5.52,39.65,0.194
B-5,2025/07/05,99,24,58,13.16,2.18,0.42
B-5,2025/07/06,99,24,58,13.46,2.34,0.268
B-5,2025/07/07,99,24,58,13.64,2.11,0.164
B-5,2025/07/08,99,24,58,13.64,2.11,0.164
B-6,2025/06/25,105,24,64,5.35,76.36,1.642
B-6,2025/06/26,105,24,64,5.38,33.91,1.189
B-6,2025/06/27,105,24,64,5.94,64.44,0.478
B-6,2025/06/28,105,24,64,5.2,4.71,0.071
B-6,2025/06/29,105,24,64,5.57,3.28,0.298
B-6,2025/06/30,105,24,64,5.44,2.84,0.445
B-6,2025/07/01,105,24,64,5.61,7.2,0.67
B-6,2025/07/02,105,24,64,5.16,3.27,0.252
B-6,2025/07/03,105,24,64,5.11,36.21,0.163
B-6,2025/07/03,105,24,64,13.5,64.92,0.152
B-6,2025/07/03,105,24,64,13.5,64.92,0.152
B-6,2025/07/04,105,24,64,5.57,22.42,0.184
B-6,2025/07/05,105,24,64,13.17,1.65,0.392
B-6,2025/07/06,105,24,64,13.34,70.66,0.277
B-6,2025/07/07,105,24,64,13.5,64.92,0.152
B-6,2025/07/08,105,24,64,13.5,64.92,0.152
B-7,2025/06/25,110,24,71,5.4,28.5,1.34
B-7,2025/06/26,110,24,71,5.53,21.75,1.019
B-7,2025/06/27,110,24,71,5.92,23.28,0.425
B-7,2025/06/28,110,24,71,5.24,3.82,0.092
B-7,2025/06/29,110,24,71,5.51,16.21,0.403
B-7,2025/06/30,110,24,71,5.55,19.19,0.409
B-7,2025/07/01,110,24,71,5.67,4.81,0.616
B-7,2025/07/02,110,24,71,5.24,2.56,0.167
B-7,2025/07/03,110,24,71,5.12,13.81,0.171
B-7,2025/07/03,110,24,71,13.45,76.55,0.209
B-7,2025/07/03,110,24,71,13.45,76.55,0.209
B-7,2025/07/04,110,24,71,5.46,50.23,0.345
B-7,2025/07/05,110,24,71,13.23,1.51,0.411
B-7,2025/07/06,110,24,71,13.22,77.98,0.142
B-7,2025/07/07,110,24,71,13.45,76.55,0.209
B-7,2025/07/08,110,24,71,13.45,76.55,0.209
B-8,2025/06/25,114,24,80,5.21,7.26,1.407
B-8,2025/06/26,114,24,80,5.63,5.94,0.968
B-8,2025/06/27,114,24,80,5.89,7.49,0.581
B-8,2025/06/28,114,24,80,5.31,3.24,0.301
B-8,2025/06/29,114,24,80,5.46,1.75,0.382
B-8,2025/06/30,114,24,80,5.41,1.93,0.426
B-8,2025/07/01,114,24,80,5.64,0.29,0.614
B-8,2025/07/02,114,24,80,5.15,2.04,0.386
B-8,2025/07/03,114,24,80,5.08,6.48,0.13
B-8,2025/07/03,114,24,80,13.54,88.94,0.184
B-8,2025/07/03,114,24,80,13.54,88.94,0.184
B-8,2025/07/04,114,24,80,5.77,16.58,0.387
B-8,2025/07/05,114,24,80,13.19,1.24,0.5
B-8,2025/07/06,114,24,80,13.47,87.4,0.112
B-8,2025/07/07,114,24,80,13.54,88.94,0.184
B-8,2025/07/08,114,24,80,13.54,88.94,0.184
E-1,2025/06/23,53,24,40,5.51,0.15,0.638
E-1,2025/06/24,53,24,40,7.38,0.23,0.373
E-1,2025/06/25,53,24,40,5.98,0.23,0.073
E-1,2025/06/26,53,24,40,5.72,0.22,0.209
E-1,2025/06/27,53,24,40,5.92,0.3,0.165
E-1,2025/06/28,53,24,40,5.57,0.41,0.235
E-1,2025/06/29,53,24,40,5.97,0.67,0.106
E-1,2025/06/30,53,24,40,6.48,0.57,0.113
E-1,2025/07/01,53,24,40,5.74,0.81,0.105
E-1,2025/07/02,53,24,40,5.39,1.12,0.161
E-1,2025/07/03,53,24,40,5.27,1.07,0.132
E-1,2025/07/03,53,24,40,13.64,0.36,0.102
E-1,2025/07/03,53,24,40,13.47,8.25,0.142
E-1,2025/07/04,53,24,40,6.52,7.58,0.107
E-1,2025/07/05,53,24,40,13.31,5.39,0.448
E-1,2025/07/06,53,24,40,13.94,9.41,0.35
E-1,2025/07/07,53,24,40,13.47,8.25,0.142
E-1,2025/07/08,53,24,40,13.64,0.36,0.102
E-1,2025/07/09,53,24,40,13.46,0.72,0.206
E-1,2025/07/10,53,24,40,13.33,45.56,0.214
E-2,2025/06/23,68,24,41,5.59,25.02,0.643
E-2,2025/06/24,68,24,41,7.23,44.29,1.111
E-2,2025/06/25,68,24,41,5.79,24.62,0.263
E-2,2025/06/26,68,24,41,5.95,50.73,0.042
E-2,2025/06/27,68,24,41,5.93,44.15,0.166
E-2,2025/06/28,68,24,41,5.41,50.33,0.341
E-2,2025/06/29,68,24,41,5.84,42.87,0.104
E-2,2025/06/30,68,24,41,6.47,49.55,0.17
E-2,2025/07/01,68,24,41,5.67,42.24,0.119
E-2,2025/07/02,68,24,41,5.37,49.86,0.082
E-2,2025/07/03,68,24,41,5.2,46.24,0.139
E-2,2025/07/03,68,24,41,13.47,66.97,0.088
E-2,2025/07/03,68,24,41,13.46,64.17,0.168
E-2,2025/07/04,68,24,41,6.4,66.22,0.106
E-2,2025/07/05,68,24,41,13.19,69.89,0.355
E-2,2025/07/06,68,24,41,13.85,62.11,0.175
E-2,2025/07/07,68,24,41,13.46,64.17,0.168
E-2,2025/07/08,68,24,41,13.47,66.97,0.088
E-2,2025/07/09,68,24,41,13.41,68.41,0.217
E-2,2025/07/10,68,24,41,13.29,2.12,0.198
E-3,2025/06/23,81,24,46,5.43,0.34,0.543
E-3,2025/06/24,81,24,46,7.3,0.42,0.437
E-3,2025/06/25,81,24,46,5.62,0.15,0.07
E-3,2025/06/26,81,24,46,5.97,8.22,0.042
E-3,2025/06/27,81,24,46,5.89,6.83,0.173
E-3,2025/06/28,81,24,46,5.58,8.9,0.261
E-3,2025/06/29,81,24,46,5.76,3.88,0.106
E-3,2025/06/30,81,24,46,6.33,3.91,0.178
E-3,2025/07/01,81,24,46,5.74,3.32,0.114
E-3,2025/07/02,81,24,46,5.35,7.21,0.176
E-3,2025/07/03,81,24,46,5.19,1.34,0.212
E-3,2025/07/03,81,24,46,13.61,39.43,0.103
E-3,2025/07/03,81,24,46,13.55,49.87,0.102
E-3,2025/07/04,81,24,46,6.38,12.69,0.11
E-3,2025/07/05,81,24,46,13.31,22.33,0.493
E-3,2025/07/06,81,24,46,13.96,53.13,0.217
E-3,2025/07/07,81,24,46,13.55,49.87,0.102
E-3,2025/07/08,81,24,46,13.61,39.43,0.103
E-3,2025/07/09,81,24,46,13.16,33.01,0.171
E-3,2025/07/10,81,24,46,13.36,4.08,0.15
E-4,2025/06/23,91,24,50,5.27,0.3,0.563
E-4,2025/06/24,91,24,50,7.29,0.32,0.905
E-4,2025/06/25,91,24,50,5.86,0.98,0.13
E-4,2025/06/26,91,24,50,5.78,0.54,0.346
E-4,2025/06/27,91,24,50,5.95,0.56,0.205
E-4,2025/06/28,91,24,50,5.6,0.62,0.271
E-4,2025/06/29,91,24,50,5.76,34.69,0.098
E-4,2025/06/30,91,24,50,6.2,69.79,0.175
E-4,2025/07/01,91,24,50,5.76,74.23,0.105
E-4,2025/07/02,91,24,50,5.51,88.09,0.132
E-4,2025/07/03,91,24,50,5.21,88.78,0.143
E-4,2025/07/03,91,24,50,13.48,66.05,0.131
E-4,2025/07/03,91,24,50,13.46,71.61,0.14
E-4,2025/07/04,91,24,50,6.37,64.05,0.099
E-4,2025/07/05,91,24,50,13.12,54.49,0.438
E-4,2025/07/06,91,24,50,13.89,77.19,0.385
E-4,2025/07/07,91,24,50,13.46,71.61,0.14
E-4,2025/07/08,91,24,50,13.48,66.05,0.131
E-4,2025/07/09,91,24,50,13.17,58.1,0.158
E-4,2025/07/10,91,24,50,13.25,2.15,0.199
E-5,2025/06/23,99,24,54,5.26,0.26,0.521
E-5,2025/06/24,99,24,54,7.2,15.6,0.805
E-5,2025/06/25,99,24,54,5.95,0.72,0.943
E-5,2025/06/26,99,24,54,5.93,0.54,0.1
E-5,2025/06/27,99,24,54,5.8,22.16,0.199
E-5,2025/06/28,99,24,54,5.58,50.06,0.413
E-5,2025/06/29,99,24,54,5.77,65.74,0.109
E-5,2025/06/30,99,24,54,6.31,21.8,0.159
E-5,2025/07/01,99,24,54,5.74,21.06,0.104
E-5,2025/07/02,99,24,54,5.44,80.01,0.083
E-5,2025/07/03,99,24,54,5.32,15.13,0.218
E-5,2025/07/03,99,24,54,13.6,79.99,0.152
E-5,2025/07/03,99,24,54,13.46,86.03,0.124
E-5,2025/07/04,99,24,54,6.42,47.02,0.112
E-5,2025/07/05,99,24,54,13.34,46.47,0.378
E-5,2025/07/06,99,24,54,13.93,83.48,0.325
E-5,2025/07/07,99,24,54,13.46,86.03,0.124
E-5,2025/07/08,99,24,54,13.6,79.99,0.152
E-5,2025/07/09,99,24,54,13.15,82.76,0.166
E-5,2025/07/10,99,24,54,13.38,15.28,0.151
E-6,2025/06/23,105,24,62,5.55,0.2,0.499
E-6,2025/06/24,105,24,62,7.26,0.34,0.162
E-6,2025/06/25,105,24,62,5.78,0.26,0.143
E-6,2025/06/26,105,24,62,5.86,0.52,0.099
E-6,2025/06/27,105,24,62,5.87,0.6,0.202
E-6,2025/06/28,105,24,62,5.57,0.81,0.26
E-6,2025/06/29,105,24,62,5.66,3.5,0.093
E-6,2025/06/30,105,24,62,6.4,4.46,0.181
E-6,2025/07/01,105,24,62,5.71,6.5,0.12
E-6,2025/07/02,105,24,62,5.4,9.77,0.091
E-6,2025/07/03,105,24,62,5.18,8.83,0.245
E-6,2025/07/03,105,24,62,13.37,17.92,0.122
E-6,2025/07/03,105,24,62,13.61,33.27,0.097
E-6,2025/07/04,105,24,62,6.39,26.75,0.112
E-6,2025/07/05,105,24,62,13.26,15.52,0.359
E-6,2025/07/06,105,24,62,13.87,34.78,0.107
E-6,2025/07/07,105,24,62,13.61,33.27,0.097
E-6,2025/07/08,105,24,62,13.37,17.92,0.122
E-6,2025/07/09,105,24,62,13.19,25.44,0.22
E-6,2025/07/10,105,24,62,13.26,12.7,0.175
E-7,2025/06/23,110,24,72,5.46,0.16,0.582
E-7,2025/06/24,110,24,72,7.36,0.2,0.061
E-7,2025/06/25,110,24,72,5.82,0.19,0.061
E-7,2025/06/26,110,24,72,5.91,0.41,0.055
E-7,2025/06/27,110,24,72,5.9,0.35,0.189
E-7,2025/06/28,110,24,72,5.56,0.67,0.09
E-7,2025/06/29,110,24,72,5.87,1.62,0.086
E-7,2025/06/30,110,24,72,6.33,2.43,0.125
E-7,2025/07/01,110,24,72,5.66,1.15,0.109
E-7,2025/07/02,110,24,72,5.44,9.71,0.086
E-7,2025/07/03,110,24,72,5.18,2.44,0.191
E-7,2025/07/03,110,24,72,13.41,67.19,0.108
E-7,2025/07/03,110,24,72,13.67,75.8,0.172
E-7,2025/07/04,110,24,72,6.53,53.56,0.103
E-7,2025/07/05,110,24,72,13.26,51.25,0.494
E-7,2025/07/06,110,24,72,13.98,77.54,0.371
E-7,2025/07/07,110,24,72,13.67,75.8,0.172
E-7,2025/07/08,110,24,72,13.41,67.19,0.108
E-7,2025/07/09,110,24,72,13.36,61.54,0.182
E-7,2025/07/10,110,24,72,13.34,62.86,0.189
E-8,2025/06/23,114,24,80,5.27,0.17,0.568
E-8,2025/06/24,114,24,80,7.2,0.26,0.274
E-8,2025/06/25,114,24,80,5.7,0.05,0.051
E-8,2025/06/26,114,24,80,5.67,0.06,0.204
E-8,2025/06/27,114,24,80,5.83,0.52,0.195
E-8,2025/06/28,114,24,80,5.45,0.6,0.945
E-8,2025/06/29,114,24,80,5.85,35.37,0.09
E-8,2025/06/30,114,24,80,6.27,67.69,0.157
E-8,2025/07/01,114,24,80,5.79,0.08,0.114
E-8,2025/07/02,114,24,80,5.49,88.64,0.079
E-8,2025/07/03,114,24,80,5.11,85.4,0.212
E-8,2025/07/03,114,24,80,13.49,67.61,0.123
E-8,2025/07/03,114,24,80,13.7,76.34,0.211
E-8,2025/07/04,114,24,80,6.47,66.64,0.109
E-8,2025/07/05,114,24,80,13.21,55.78,0.414
E-8,2025/07/06,114,24,80,13.86,79.89,0.362
E-8,2025/07/07,114,24,80,13.7,76.34,0.211
E-8,2025/07/08,114,24,80,13.49,67.61,0.123
E-8,2025/07/09,114,24,80,13.44,60.91,0.206
E-8,2025/07/10,114,24,80,13.35,62.28,0.181
F-1,2025/06/20,53,24,40,5.24,0.72,0.168
F-1,2025/06/21,53,24,40,5.41,0.2,0.251
F-1,2025/06/22,53,24,40,5.6,0.17,0.508
F-1,2025/06/23,53,24,40,5.45,0.23,0.564
F-1,2025/06/24,53,24,40,7.27,0.39,0.077
F-1,2025/06/25,53,24,40,5.61,0.63,0.094
F-1,2025/06/26,53,24,40,6.18,0.57,0.034
F-1,2025/06/27,53,24,40,6.25,1.68,0.186
F-1,2025/06/28,53,24,40,5.74,0.82,0.073
F-1,2025/06/29,53,24,40,5.81,0.39,0.107
F-1,2025/06/30,53,24,40,6.4,3.68,0.181
F-1,2025/07/01,53,24,40,5.81,0.19,0.105
F-1,2025/07/02,53,24,40,5.77,5.82,0.08
F-1,2025/07/03,53,24,40,5.55,4.21,0.158
F-1,2025/07/03,53,24,40,13.44,1.02,0.124
F-1,2025/07/03,53,24,40,13.7,26.21,0.096
F-1,2025/07/04,53,24,40,6.86,31.43,0.109
F-1,2025/07/05,53,24,40,13.13,79.91,0.453
F-1,2025/07/06,53,24,40,13.97,24.78,0.175
F-1,2025/07/07,53,24,40,13.7,26.21,0.096
F-1,2025/07/08,53,24,40,13.44,1.02,0.124
F-1,2025/07/09,53,24,40,13.29,3.61,0.222
F-1,2025/07/10,53,24,40,13.3,85.41,0.205
F-2,2025/06/20,68,24,41,5.17,6.59,0.244
F-2,2025/06/21,68,24,41,5.39,0.58,0.231
F-2,2025/06/22,68,24,41,5.53,6.83,0.472
F-2,2025/06/23,68,24,41,5.28,5.74,0.542
F-2,2025/06/24,68,24,41,7.28,7.55,0.697
F-2,2025/06/25,68,24,41,5.95,6.85,1.043
F-2,2025/06/26,68,24,41,6.22,6.7,0.078
F-2,2025/06/27,68,24,41,6.27,0.71,0.158
F-2,2025/06/28,68,24,41,5.71,7.75,0.286
F-2,2025/06/29,68,24,41,5.85,5.04,0.09
F-2,2025/06/30,68,24,41,6.35,9.7,0.126
F-2,2025/07/01,68,24,41,5.71,9.34,0.087
F-2,2025/07/02,68,24,41,5.77,13.05,0.199
F-2,2025/07/03,68,24,41,5.5,8.62,0.195
F-2,2025/07/03,68,24,41,13.59,3.94,0.09
F-2,2025/07/03,68,24,41,13.49,5.76,0.2
F-2,2025/07/04,68,24,41,6.64,5.56,0.1
F-2,2025/07/05,68,24,41,13.23,66.59,0.381
F-2,2025/07/06,68,24,41,13.97,5.18,0.115
F-2,2025/07/07,68,24,41,13.49,5.76,0.2
F-2,2025/07/08,68,24,41,13.59,3.94,0.09
F-2,2025/07/09,68,24,41,13.27,5.33,0.177
F-2,2025/07/10,68,24,41,13.28,72.46,0.151
F-3,2025/06/20,81,24,46,5.18,92.23,0.235
F-3,2025/06/21,81,24,46,5.59,82.71,0.253
F-3,2025/06/22,81,24,46,5.77,81.5,0.521
F-3,2025/06/23,81,24,46,5.5,85.03,0.542
F-3,2025/06/24,81,24,46,7.2,6.28,0.233
F-3,2025/06/25,81,24,46,5.96,90.56,0.499
F-3,2025/06/26,81,24,46,6.16,88.54,0.098
F-3,2025/06/27,81,24,46,6.23,85.75,0.156
F-3,2025/06/28,81,24,46,5.7,89.44,0.368
F-3,2025/06/29,81,24,46,5.89,54.94,0.111
F-3,2025/06/30,81,24,46,6.24,93.12,0.127
F-3,2025/07/01,81,24,46,5.76,77.85,0.116
F-3,2025/07/02,81,24,46,5.67,83.23,0.072
F-3,2025/07/03,81,24,46,5.46,2.88,0.18
F-3,2025/07/03,81,24,46,13.68,6.99,0.148
F-3,2025/07/03,81,24,46,13.68,89.72,0.096
F-3,2025/07/04,81,24,46,6.68,90.11,0.114
F-3,2025/07/05,81,24,46,13.16,91.39,0.403
F-3,2025/07/06,81,24,46,13.94,92.72,0.352
F-3,2025/07/07,81,24,46,13.68,89.72,0.096
F-3,2025/07/08,81,24,46,13.68,6.99,0.148
F-3,2025/07/09,81,24,46,13.27,7.25,0.179
F-3,2025/07/10,81,24,46,13.3,32.02,0.18
F-4,2025/06/20,91,24,50,5.18,86.7,0.174
F-4,2025/06/21,91,24,50,5.4,26.43,0.207
F-4,2025/06/22,91,24,50,5.53,29.81,0.459
F-4,2025/06/23,91,24,50,5.39,3.77,0.588
F-4,2025/06/24,91,24,50,7.38,61.29,0.377
F-4,2025/06/25,91,24,50,5.9,10.15,0.104
F-4,2025/06/26,91,24,50,6.21,9.83,1.116
F-4,2025/06/27,91,24,50,6.2,63.37,0.165
F-4,2025/06/28,91,24,50,5.82,7.27,0.162
F-4,2025/06/29,91,24,50,5.68,4.96,0.101
F-4,2025/06/30,91,24,50,6.32,1.48,0.192
F-4,2025/07/01,91,24,50,5.73,12.34,0.087
F-4,2025/07/02,91,24,50,5.76,1.61,0.119
F-4,2025/07/03,91,24,50,5.42,5.33,0.202
F-4,2025/07/03,91,24,50,13.5,27.3,0.114
F-4,2025/07/03,91,24,50,13.69,11.08,0.103
F-4,2025/07/04,91,24,50,6.79,11.32,0.099
F-4,2025/07/05,91,24,50,13.12,6.53,0.447
F-4,2025/07/06,91,24,50,13.97,11.91,0.346
F-4,2025/07/07,91,24,50,13.69,11.08,0.103
F-4,2025/07/08,91,24,50,13.5,27.3,0.114
F-4,2025/07/09,91,24,50,13.46,28.31,0.2
F-4,2025/07/10,91,24,50,13.27,34.53,0.215
F-5,2025/06/20,99,24,54,5.19,5.59,0.201
F-5,2025/06/21,99,24,54,5.64,0.94,0.21
F-5,2025/06/22,99,24,54,5.67,3.68,0.58
F-5,2025/06/23,99,24,54,5.42,2.67,0.494
F-5,2025/06/24,99,24,54,7.33,6.87,0.078
F-5,2025/06/25,99,24,54,5.67,5.46,0.106
F-5,2025/06/26,99,24,54,6.32,8.29,0.141
F-5,2025/06/27,99,24,54,6.16,5.53,0.203
F-5,2025/06/28,99,24,54,5.82,4.18,0.091
F-5,2025/06/29,99,24,54,6.29,1.74,0.091
F-5,2025/06/30,99,24,54,6.3,3.02,0.185
F-5,2025/07/01,99,24,54,5.71,5.89,0.097
F-5,2025/07/02,99,24,54,5.56,2.33,0.178
F-5,2025/07/03,99,24,54,5.4,1.4,0.193
F-5,2025/07/03,99,24,54,13.37,19.35,0.144
F-5,2025/07/03,99,24,54,13.46,7.42,0.152
F-5,2025/07/04,99,24,54,6.84,7.22,0.108
F-5,2025/07/05,99,24,54,13.24,7.52,0.351
F-5,2025/07/06,99,24,54,13.94,6.8,0.157
F-5,2025/07/07,99,24,54,13.46,7.42,0.152
F-5,2025/07/08,99,24,54,13.37,19.35,0.144
F-5,2025/07/09,99,24,54,13.17,20.46,0.189
F-5,2025/07/10,99,24,54,13.27,23.45,0.206
F-6,2025/06/20,105,24,62,5.15,14.6,0.114
F-6,2025/06/21,105,24,62,5.63,7.72,0.251
F-6,2025/06/22,105,24,62,5.6,7.69,0.52
F-6,2025/06/23,105,24,62,5.33,6.81,0.497
F-6,2025/06/24,105,24,62,7.3,12.33,0.129
F-6,2025/06/25,105,24,62,6.48,11.58,0.115
F-6,2025/06/26,105,24,62,6.37,16.39,0.11
F-6,2025/06/27,105,24,62,6.27,23.43,0.2
F-6,2025/06/28,105,24,62,5.79,1.6,0.125
F-6,2025/06/29,105,24,62,6.25,13.47,0.102
F-6,2025/06/30,105,24,62,6.43,16.81,0.176
F-6,2025/07/01,105,24,62,5.8,6.78,0.094
F-6,2025/07/02,105,24,62,5.69,1.08,0.076
F-6,2025/07/03,105,24,62,5.41,7.48,0.152
F-6,2025/07/03,105,24,62,13.44,12.84,0.108
F-6,2025/07/03,105,24,62,13.71,84.64,0.198
F-6,2025/07/04,105,24,62,6.63,39.74,0.095
F-6,2025/07/05,105,24,62,13.36,40.03,0.368
F-6,2025/07/06,105,24,62,13.91,86.51,0.172
F-6,2025/07/07,105,24,62,13.71,84.64,0.198
F-6,2025/07/08,105,24,62,13.44,12.84,0.108
F-6,2025/07/09,105,24,62,13.19,14.07,0.162
F-6,2025/07/10,105,24,62,13.29,65.56,0.163
F-7,2025/06/20,110,24,72,5.17,5.9,0.203
F-7,2025/06/21,110,24,72,5.65,5.84,0.22
F-7,2025/06/22,110,24,72,5.52,5.74,0.47
F-7,2025/06/23,110,24,72,5.53,5.56,0.554
F-7,2025/06/24,110,24,72,7.34,6.65,0.082
F-7,2025/06/25,110,24,72,5.61,4.6,0.085
F-7,2025/06/26,110,24,72,6.48,4.5,0.089
F-7,2025/06/27,110,24,72,6.16,6.71,0.168
F-7,2025/06/28,110,24,72,5.78,3.29,0.092
F-7,2025/06/29,110,24,72,6.16,47.39,0.089
F-7,2025/06/30,110,24,72,6.25,85.16,0.209
F-7,2025/07/01,110,24,72,5.84,71.84,0.11
F-7,2025/07/02,110,24,72,5.79,70.71,0.207
F-7,2025/07/03,110,24,72,5.38,7.11,0.253
F-7,2025/07/03,110,24,72,13.42,17.54,0.142
F-7,2025/07/03,110,24,72,13.55,78.48,0.192
F-7,2025/07/04,110,24,72,6.73,83.02,0.097
F-7,2025/07/05,110,24,72,13.18,84.11,0.359
F-7,2025/07/06,110,24,72,13.89,81.75,0.352
F-7,2025/07/07,110,24,72,13.55,78.48,0.192
F-7,2025/07/08,110,24,72,13.42,17.54,0.142
F-7,2025/07/09,110,24,72,13.33,17.75,0.166
F-7,2025/07/10,110,24,72,13.24,69.21,0.221
F-8,2025/06/20,114,24,80,5.21,89.9,0.119
F-8,2025/06/21,114,24,80,5.39,85.9,0.267
F-8,2025/06/22,114,24,80,5.65,89.39,0.5
F-8,2025/06/23,114,24,80,5.47,56.96,0.532
F-8,2025/06/24,114,24,80,7.2,94.33,0.879
F-8,2025/06/25,114,24,80,5.92,89.76,1.131
F-8,2025/06/26,114,24,80,6.37,87.89,0.221
F-8,2025/06/27,114,24,80,6.3,86.62,0.182
F-8,2025/06/28,114,24,80,5.67,62.03,0.235
F-8,2025/06/29,114,24,80,6.12,44.87,0.088
F-8,2025/06/30,114,24,80,6.22,92.28,0.168
F-8,2025/07/01,114,24,80,5.81,79.31,0.101
F-8,2025/07/02,114,24,80,5.7,72.04,0.075
F-8,2025/07/03,114,24,80,5.3,85.41,0.152
F-8,2025/07/03,114,24,80,13.39,26.77,0.111
F-8,2025/07/03,114,24,80,13.67,85.42,0.148
F-8,2025/07/04,114,24,80,6.74,90.02,0.097
F-8,2025/07/05,114,24,80,13.26,91.28,0.468
F-8,2025/07/06,114,24,80,13.95,87.23,0.304
F-8,2025/07/07,114,24,80,13.67,85.42,0.148
F-8,2025/07/08,114,24,80,13.39,26.77,0.111
F-8,2025/07/09,114,24,80,13.24,21.51,0.219
F-8,2025/07/10,114,24,80,13.26,84.69,0.151
G-1,2025/06/20,53,24,38,5.18,92.93,0.122
G-1,2025/06/21,53,24,38,5.45,88.34,0.198
G-1,2025/06/22,53,24,38,5.73,88.09,0.502
G-1,2025/06/23,53,24,38,5.59,87.95,0.531
G-1,2025/06/24,53,24,38,7.24,94.33,0.161
G-1,2025/06/25,53,24,38,6.34,89.57,0.151
G-1,2025/06/26,53,24,38,6.53,93.19,0.143
G-1,2025/06/27,53,24,38,6.78,92.33,0.176
G-1,2025/06/28,53,24,38,6.02,85.58,0.355
G-1,2025/06/29,53,24,38,6.27,67.58,0.094
G-1,2025/06/30,53,24,38,6.42,91.67,0.106
G-1,2025/07/01,53,24,38,5.91,68.31,0.094
G-1,2025/07/02,53,24,38,5.63,92.85,0.109
G-1,2025/07/03,53,24,38,5.87,87.85,0.11
G-1,2025/07/03,53,24,38,13.63,92.79,0.098
G-1,2025/07/03,53,24,38,13.6,76.58,0.213
G-1,2025/07/04,53,24,38,6.92,88.03,0.092
G-1,2025/07/05,53,24,38,13.15,91.71,0.373
G-1,2025/07/06,53,24,38,13.91,88.85,0.134
G-1,2025/07/07,53,24,38,13.6,76.58,0.213
G-1,2025/07/08,53,24,38,13.63,92.79,0.098
G-1,2025/07/09,53,24,38,13.22,91.01,0.208
G-1,2025/07/10,53,24,38,13.23,1.36,0.157
G-2,2025/06/20,68,24,40,5.19,87.66,0.25
G-2,2025/06/21,68,24,40,5.44,86.03,0.248
G-2,2025/06/22,68,24,40,5.48,86.88,0.488
G-2,2025/06/23,68,24,40,5.33,85.75,0.63
G-2,2025/06/24,68,24,40,7.25,82.19,0.352
G-2,2025/06/25,68,24,40,6.47,87.88,0.1
G-2,2025/06/26,68,24,40,6.68,87.79,0.048
G-2,2025/06/27,68,24,40,6.51,90.66,0.207
G-2,2025/06/28,68,24,40,5.91,86.31,0.118
G-2,2025/06/29,68,24,40,6.14,84.28,0.103
G-2,2025/06/30,68,24,40,6.32,91.79,0.208
G-2,2025/07/01,68,24,40,5.83,72.14,0.088
G-2,2025/07/02,68,24,40,5.59,91.19,0.08
G-2,2025/07/03,68,24,40,5.92,86.16,0.225
G-2,2025/07/03,68,24,40,13.43,31.01,0.127
G-2,2025/07/03,68,24,40,13.61,78.11,0.215
G-2,2025/07/04,68,24,40,6.98,80.25,0.09
G-2,2025/07/05,68,24,40,13.13,81.37,0.453
G-2,2025/07/06,68,24,40,13.85,82.72,0.104
G-2,2025/07/07,68,24,40,13.61,78.11,0.215
G-2,2025/07/08,68,24,40,13.43,31.01,0.127
G-2,2025/07/09,68,24,40,13.3,45.78,0.154
G-2,2025/07/10,68,24,40,13.34,24.21,0.151
G-3,2025/06/20,91,24,41,5.15,93.13,0.159
G-3,2025/06/21,91,24,41,5.7,86.03,0.212
G-3,2025/06/22,91,24,41,5.6,77.95,0.506
G-3,2025/06/23,91,24,41,5.32,44.18,0.625
G-3,2025/06/24,91,24,41,7.25,95.42,0.589
G-3,2025/06/25,91,24,41,6.21,93.59,0.119
G-3,2025/06/26,91,24,41,6.52,95.83,0.165
G-3,2025/06/27,91,24,41,6.71,94.08,0.208
G-3,2025/06/28,91,24,41,5.94,90.26,0.186
G-3,2025/06/29,91,24,41,6.26,85.58,0.111
G-3,2025/06/30,91,24,41,6.38,93.64,0.15
G-3,2025/07/01,91,24,41,5.91,74.49,0.092
G-3,2025/07/02,91,24,41,5.6,95.36,0.142
G-3,2025/07/03,91,24,41,5.9,82.14,0.208
G-3,2025/07/03,91,24,41,13.61,91.36,0.109
G-3,2025/07/03,91,24,41,13.65,80.32,0.097
G-3,2025/07/04,91,24,41,6.82,88.84,0.098
G-3,2025/07/05,91,24,41,13.37,89.67,0.493
G-3,2025/07/06,91,24,41,13.97,87.41,0.362
G-3,2025/07/07,91,24,41,13.65,80.32,0.097
G-3,2025/07/08,91,24,41,13.61,91.36,0.109
G-3,2025/07/09,91,24,41,13.15,92.85,0.16
G-3,2025/07/10,91,24,41,13.3,86.86,0.163
G-4,2025/06/20,91,24,47,5.17,23.33,0.204
G-4,2025/06/21,91,24,47,5.48,39.79,0.244
G-4,2025/06/22,91,24,47,5.4,29.19,0.51
G-4,2025/06/23,91,24,47,5.54,12.93,0.566
G-4,2025/06/24,91,24,47,7.34,24.53,0.044
G-4,2025/06/25,91,24,47,6.37,16.83,0.044
G-4,2025/06/26,91,24,47,6.69,17.94,0.059
G-4,2025/06/27,91,24,47,6.64,22.66,0.204
G-4,2025/06/28,91,24,47,6.01,23.57,0.095
G-4,2025/06/29,91,24,47,6.29,16.84,0.109
G-4,2025/06/30,91,24,47,6.37,20.01,0.203
G-4,2025/07/01,91,24,47,5.94,16.25,0.088
G-4,2025/07/02,91,24,47,5.55,60.97,0.074
G-4,2025/07/03,91,24,47,5.78,13.0,0.129
G-4,2025/07/03,91,24,47,13.58,67.99,0.13
G-4,2025/07/03,91,24,47,13.63,79.54,0.212
G-4,2025/07/04,91,24,47,6.89,24.01,0.092
G-4,2025/07/05,91,24,47,13.29,49.86,0.45
G-4,2025/07/06,91,24,47,13.92,85.52,0.147
G-4,2025/07/07,91,24,47,13.63,79.54,0.212
G-4,2025/07/08,91,24,47,13.58,67.99,0.13
G-4,2025/07/09,91,24,47,13.28,71.64,0.176
G-4,2025/07/10,91,24,47,13.34,0.8,0.175
G-5,2025/06/20,99,24,54,5.21,5.0,0.15
G-5,2025/06/21,99,24,54,5.65,8.28,0.24
G-5,2025/06/22,99,24,54,5.67,4.33,0.495
G-5,2025/06/23,99,24,54,5.3,3.49,0.541
G-5,2025/06/24,99,24,54,7.25,7.22,0.033
G-5,2025/06/25,99,24,54,6.45,0.72,0.043
G-5,2025/06/26,99,24,54,6.68,0.79,0.033
G-5,2025/06/27,99,24,54,6.59,3.88,0.165
G-5,2025/06/28,99,24,54,6.01,5.34,0.074
G-5,2025/06/29,99,24,54,6.13,2.99,0.086
G-5,2025/06/30,99,24,54,6.37,7.28,0.212
G-5,2025/07/01,99,24,54,5.81,9.4,0.093
G-5,2025/07/02,99,24,54,5.81,14.17,0.142
G-5,2025/07/03,99,24,54,5.64,12.08,0.193
G-5,2025/07/03,99,24,54,13.48,21.7,0.115
G-5,2025/07/03,99,24,54,13.61,16.14,0.199
G-5,2025/07/04,99,24,54,6.85,14.39,0.109
G-5,2025/07/05,99,24,54,13.19,0.41,0.412
G-5,2025/07/06,99,24,54,13.93,11.96,0.204
G-5,2025/07/07,99,24,54,13.61,16.14,0.199
G-5,2025/07/08,99,24,54,13.48,21.7,0.115
G-5,2025/07/09,99,24,54,13.32,25.19,0.161
G-5,2025/07/10,99,24,54,13.37,11.33,0.211
G-6,2025/06/20,105,24,64,5.15,10.45,0.145
G-6,2025/06/21,105,24,64,5.63,8.81,0.258
G-6,2025/06/22,105,24,64,5.6,9.39,0.488
G-6,2025/06/23,105,24,64,5.33,7.64,0.486
G-6,2025/06/24,105,24,64,7.3,9.7,0.406
G-6,2025/06/25,105,24,64,6.48,7.84,0.214
G-6,2025/06/26,105,24,64,6.57,7.4,0.116
G-6,2025/06/27,105,24,64,6.42,7.04,0.159
G-6,2025/06/28,105,24,64,5.98,6.13,0.133
G-6,2025/06/29,105,24,64,6.3,19.27,0.101
G-6,2025/06/30,105,24,64,6.43,62.5,0.116
G-6,2025/07/01,105,24,64,5.84,66.61,0.096
G-6,2025/07/02,105,24,64,5.78,94.98,0.123
G-6,2025/07/03,105,24,64,5.61,87.54,0.225
G-6,2025/07/03,105,24,64,13.51,71.79,0.112
G-6,2025/07/03,105,24,64,13.47,77.75,0.092
G-6,2025/07/04,105,24,64,6.98,67.65,0.111
G-6,2025/07/05,105,24,64,13.28,67.25,0.375
G-6,2025/07/06,105,24,64,13.93,78.25,0.177
G-6,2025/07/07,105,24,64,13.47,77.75,0.092
G-6,2025/07/08,105,24,64,13.51,71.79,0.112
G-6,2025/07/09,105,24,64,13.22,75.66,0.215
G-6,2025/07/10,105,24,64,13.37,80.98,0.18
G-7,2025/06/20,110,24,74,5.15,9.01,0.216
G-7,2025/06/21,110,24,74,5.39,7.81,0.239
G-7,2025/06/22,110,24,74,5.56,8.15,0.502
G-7,2025/06/23,110,24,74,5.61,6.77,0.505
G-7,2025/06/24,110,24,74,7.29,8.13,0.36
G-7,2025/06/25,110,24,74,6.29,7.04,0.037
G-7,2025/06/26,110,24,74,6.85,7.13,0.037
G-7,2025/06/27,110,24,74,6.6,6.15,0.16
G-7,2025/06/28,110,24,74,6.02,5.79,0.092
G-7,2025/06/29,110,24,74,6.3,16.33,0.092
G-7,2025/06/30,110,24,74,6.41,76.87,0.101
G-7,2025/07/01,110,24,74,5.83,70.53,0.103
G-7,2025/07/02,110,24,74,5.55,94.52,0.081
G-7,2025/07/03,110,24,74,5.52,87.95,0.118
G-7,2025/07/03,110,24,74,13.51,76.79,0.108
G-7,2025/07/03,110,24,74,13.7,81.55,0.191
G-7,2025/07/04,110,24,74,6.86,76.47,0.109
G-7,2025/07/05,110,24,74,13.3,72.69,0.375
G-7,2025/07/06,110,24,74,13.96,81.27,0.21
G-7,2025/07/07,110,24,74,13.7,81.55,0.191
G-7,2025/07/08,110,24,74,13.51,76.79,0.108
G-7,2025/07/09,110,24,74,13.2,80.1,0.17
G-7,2025/07/10,110,24,74,13.29,78.21,0.213
G-8,2025/06/20,114,24,79,5.15,92.34,0.197
G-8,2025/06/21,114,24,79,5.69,85.66,0.233
G-8,2025/06/22,114,24,79,5.78,88.67,0.481
G-8,2025/06/23,114,24,79,5.26,89.04,0.495
G-8,2025/06/24,114,24,79,7.19,96.16,0.426
G-8,2025/06/25,114,24,79,6.45,93.93,0.051
G-8,2025/06/26,114,24,79,6.86,94.89,0.386
G-8,2025/06/27,114,24,79,6.42,93.41,0.212
G-8,2025/06/28,114,24,79,6.03,90.4,0.253
G-8,2025/06/29,114,24,79,6.11,67.28,0.104
G-8,2025/06/30,114,24,79,6.27,90.3,0.183
G-8,2025/07/01,114,24,79,5.84,33.3,0.09
G-8,2025/07/02,114,24,79,5.65,95.69,0.074
G-8,2025/07/03,114,24,79,5.54,86.95,0.208
G-8,2025/07/03,114,24,79,13.4,91.93,0.091
G-8,2025/07/03,114,24,79,13.7,84.89,0.19
G-8,2025/07/04,114,24,79,6.96,89.29,0.12
G-8,2025/07/05,114,24,79,13.32,90.68,0.373
G-8,2025/07/06,114,24,79,13.95,88.18,0.369
G-8,2025/07/07,114,24,79,13.7,84.89,0.19
G-8,2025/07/08,114,24,79,13.4,91.93,0.091
G-8,2025/07/09,114,24,79,13.25,95.16,0.207
G-8,2025/07/10,114,24,79,13.3,89.52,0.184
H-1,2025/07/01,53,12,38,6.12,5.14,0.089
H-1,2025/07/02,53,12,38,6.29,67.16,0.105
H-1,2025/07/03,53,12,38,6.42,15.08,0.248
H-1,2025/07/03,53,12,38,13.62,45.01,0.139
H-1,2025/07/03,53,12,38,13.57,77.31,0.119
H-1,2025/07/04,53,12,38,7.09,66.55,0.107
H-1,2025/07/05,53,12,38,13.32,66.41,0.387
H-1,2025/07/06,53,12,38,13.96,54.99,0.135
H-1,2025/07/07,53,12,38,13.57,77.31,0.119
H-1,2025/07/08,53,12,38,13.62,45.01,0.139
H-1,2025/07/09,53,12,38,13.31,47.91,0.188
H-1,2025/07/10,53,12,38,13.27,9.47,0.189
H-2,2025/07/01,68,12,38,6.16,4.51,0.097
H-2,2025/07/02,68,12,38,6.22,86.04,0.19
H-2,2025/07/03,68,12,38,6.4,82.0,0.211
H-2,2025/07/03,68,12,38,13.52,84.45,0.114
H-2,2025/07/03,68,12,38,13.59,86.14,0.197
H-2,2025/07/04,68,12,38,7.27,88.43,0.108
H-2,2025/07/05,68,12,38,13.27,91.84,0.405
H-2,2025/07/06,68,12,38,13.93,77.05,0.149
H-2,2025/07/07,68,12,38,13.59,86.14,0.197
H-2,2025/07/08,68,12,38,13.52,84.45,0.114
H-2,2025/07/09,68,12,38,13.46,83.07,0.189
H-2,2025/07/10,68,12,38,13.22,9.85,0.194
H-3,2025/07/01,81,12,43,6.18,5.18,0.103
H-3,2025/07/02,81,12,43,6.32,84.02,0.112
H-3,2025/07/03,81,12,43,6.25,83.26,0.198
H-3,2025/07/03,81,12,43,13.64,72.51,0.119
H-3,2025/07/03,81,12,43,13.63,87.13,0.155
H-3,2025/07/04,81,12,43,7.23,87.93,0.102
H-3,2025/07/05,81,12,43,13.29,91.85,0.502
H-3,2025/07/06,81,12,43,13.92,86.37,0.196
H-3,2025/07/07,81,12,43,13.63,87.13,0.155
H-3,2025/07/08,81,12,43,13.64,72.51,0.119
H-3,2025/07/09,81,12,43,13.42,62.33,0.18
H-3,2025/07/10,81,12,43,13.3,46.32,0.201
H-4,2025/07/01,91,12,50,6.25,0.11,0.112
H-4,2025/07/02,91,12,50,6.07,83.98,0.093
H-4,2025/07/03,91,12,50,6.34,88.38,0.175
H-4,2025/07/03,91,12,50,13.47,88.03,0.097
H-4,2025/07/03,91,12,50,13.64,89.09,0.105
H-4,2025/07/04,91,12,50,7.28,88.23,0.102
H-4,2025/07/05,91,12,50,13.28,91.78,0.429
H-4,2025/07/06,91,12,50,13.97,88.04,0.271
H-4,2025/07/07,91,12,50,13.64,89.09,0.105
H-4,2025/07/08,91,12,50,13.47,88.03,0.097
H-4,2025/07/09,91,12,50,13.46,85.46,0.192
H-4,2025/07/10,91,12,50,13.23,77.37,0.166
H-5,2025/07/01,90,12,42,6.26,3.55,0.088
H-5,2025/07/02,90,12,42,6.14,77.95,0.17
H-5,2025/07/03,90,12,42,6.26,59.83,0.128
H-5,2025/07/03,90,12,42,13.48,83.31,0.111
H-5,2025/07/03,90,12,42,13.5,74.74,0.146
H-5,2025/07/04,90,12,42,7.09,87.13,0.091
H-5,2025/07/05,90,12,42,13.26,92.06,0.51
H-5,2025/07/06,90,12,42,13.9,85.28,0.36
H-5,2025/07/07,90,12,42,13.5,74.74,0.146
H-5,2025/07/08,90,12,42,13.48,83.31,0.111
H-5,2025/07/09,90,12,42,13.37,65.88,0.205
H-5,2025/07/10,90,12,42,13.32,82.98,0.197
H-6,2025/07/01,105,12,33,6.14,0.11,0.103
H-6,2025/07/02,105,12,33,6.15,2.77,0.106
H-6,2025/07/03,105,12,33,6.25,4.07,0.254
H-6,2025/07/03,105,12,33,13.61,25.51,0.11
H-6,2025/07/03,105,12,33,13.5,7.41,0.138
H-6,2025/07/04,105,12,33,7.18,4.3,0.118
H-6,2025/07/05,105,12,33,13.14,88.29,0.453
H-6,2025/07/06,105,12,33,13.96,4.3,0.153
H-6,2025/07/07,105,12,33,13.5,7.41,0.138
H-6,2025/07/08,105,12,33,13.61,25.51,0.11
H-6,2025/07/09,105,12,33,13.42,18.17,0.203
H-6,2025/07/10,105,12,33,13.35,14.8,0.19
H-7,2025/07/01,110,12,50,6.18,39.97,0.113
H-7,2025/07/02,110,12,50,6.18,5.45,0.198
H-7,2025/07/03,110,12,50,6.2,37.3,0.106
H-7,2025/07/03,110,12,50,13.47,67.95,0.095
H-7,2025/07/03,110,12,50,13.69,61.35,0.142
H-7,2025/07/04,110,12,50,7.18,62.73,0.095
H-7,2025/07/05,110,12,50,13.33,84.52,0.496
H-7,2025/07/06,110,12,50,13.91,55.25,0.112
H-7,2025/07/07,110,12,50,13.69,61.35,0.142
H-7,2025/07/08,110,12,50,13.47,67.95,0.095
H-7,2025/07/09,110,12,50,13.31,73.77,0.189
H-7,2025/07/10,110,12,50,13.25,60.45,0.19
H-8,2025/07/01,114,12,52,6.21,7.37,0.117
H-8,2025/07/02,114,12,52,6.12,67.68,0.181
H-8,2025/07/03,114,12,52,6.13,81.02,0.192
H-8,2025/07/03,114,12,52,13.57,64.76,0.089
H-8,2025/07/03,114,12,52,13.66,56.71,0.154
H-8,2025/07/04,114,12,52,7.26,84.92,0.086
H-8,2025/07/05,114,12,52,13.29,91.24,0.349
H-8,2025/07/06,114,12,52,13.95,81.52,0.144
H-8,2025/07/07,114,12,52,13.66,56.71,0.154
H-8,2025/07/08,114,12,52,13.57,64.76,0.089
H-8,2025/07/09,114,12,52,13.37,64.63,0.208
H-8,2025/07/10,114,12,52,13.27,78.75,0.201
